date,followers,views,likes,comments,engagement_rate,average_watch_time,audience_gender,audience_age,audience_location
5/16/2020,427506,6519051,7782,1098,7.34,930,male,18-24,Guatemala
12/21/2020,539516,6421017,8435,7680,7.76,1822,male,55+,France
5/25/2020,884981,2728875,99790,576,5.17,1873,other,55+,Ukraine
2/24/2020,444444,517343,48143,2790,2.89,2065,male,18-24,Ukraine
8/6/2020,785290,520739,91571,6976,7.98,43,male,35-44,Yemen
2/25/2020,115304,8411550,3200,6097,3.31,1214,male,55+,United States
3/27/2020,710396,3601276,71772,4483,0.89,3055,other,35-44,Serbia
11/30/2020,975078,5793903,57513,9811,0.19,2274,other,18-24,Poland
2/21/2020,551220,5806067,47979,9139,8.3,3458,female,25-34,Tanzania
8/13/2020,522779,6721155,32366,7111,4.74,1711,other,55+,Philippines
3/12/2020,487358,9254953,38221,4758,7.72,227,other,35-44,Brazil
8/16/2020,115721,2466825,10816,8215,4.13,1700,male,55+,Serbia
7/6/2020,217487,6551445,66805,3573,4.4,3262,other,45-54,Norway
2/20/2020,378048,6155350,4733,6715,0.91,1522,female,25-34,China
3/10/2020,489029,3169576,1657,3375,7.56,3294,female,55+,Tunisia
5/3/2020,701803,3277733,62376,7630,7.23,622,female,55+,Brazil
3/6/2020,208396,8157914,32355,8843,4.54,789,other,45-54,Indonesia
3/25/2020,626688,4765299,63004,9300,6.9,2990,other,25-34,China
8/11/2020,942851,4783751,22622,7033,7.98,1667,male,25-34,Ireland
2/8/2020,559215,2127305,20836,443,6.93,739,female,18-24,China
3/27/2020,632210,5189603,8483,1575,0.46,2194,other,55+,Indonesia
4/25/2020,492352,6281016,90901,8005,6.37,3026,male,55+,Argentina
5/30/2020,313604,2804285,3044,3203,5.64,2700,other,35-44,Ukraine
5/7/2020,65129,5345728,3369,5073,5.83,3077,male,18-24,China
1/4/2020,325787,9883608,12604,8739,5.21,1160,other,55+,Argentina
6/24/2020,138618,9566813,41921,5239,1.28,3479,other,25-34,China
6/21/2020,510807,3372670,15053,433,1.41,52,other,55+,Argentina
4/3/2020,546881,9398085,46795,3245,1.54,3181,male,55+,Poland
7/13/2020,793850,4196904,52799,6542,7.22,2598,other,35-44,Russia
6/10/2020,688123,1365530,35388,3631,0.58,2085,female,18-24,Greece
10/6/2020,793492,9092407,62357,6366,8.73,768,other,18-24,Bolivia
11/1/2020,259919,9873576,26244,7010,5.34,706,other,18-24,Pakistan
5/27/2020,671991,4051173,77626,7135,6.53,3098,male,55+,Kazakhstan
8/8/2020,49468,8810391,59361,6491,1.22,1561,male,18-24,Norway
10/19/2020,958762,1053708,73966,1040,8.33,2332,other,45-54,China
3/27/2020,28182,5924779,60183,9585,7.65,2205,male,18-24,France
2/23/2020,784359,2633605,73111,6361,8.32,3564,male,35-44,Tajikistan
4/29/2020,642576,5330605,4814,6625,5.07,2535,male,55+,Peru
4/27/2020,450019,8077298,75977,7729,9.97,3045,male,35-44,Brazil
3/23/2020,610220,9199202,88009,5630,1.67,1937,female,25-34,Tanzania
10/24/2020,841982,3515285,63455,4032,7.33,2906,male,25-34,Slovenia
8/24/2020,940548,8996250,6685,6175,9.65,3383,female,18-24,Mexico
9/28/2020,302318,9564117,50711,4985,7.33,701,other,45-54,France
6/5/2020,6064,1388939,19528,4662,1.52,2545,female,18-24,Netherlands
8/22/2020,271347,1539019,19890,9779,5.03,700,female,25-34,Argentina
5/17/2020,676145,5606161,43775,6040,7.81,1846,female,55+,Cameroon
5/28/2020,934826,7472874,66812,9640,4.14,551,male,25-34,Peru
3/11/2020,526003,6753644,7202,8205,4.24,2250,other,18-24,Iran
1/28/2020,927250,3882270,21188,6833,8.8,1138,male,35-44,Argentina
8/3/2020,50375,6032813,68931,3252,7.17,1832,male,18-24,Indonesia
1/2/2020,561713,6056945,37208,7190,9.83,55,male,35-44,Russia
4/15/2020,331347,2358185,64099,4361,2.45,1711,other,45-54,Czech Republic
7/10/2020,106946,1793731,99650,8551,8.72,1487,female,45-54,Indonesia
4/8/2020,923131,1315938,78305,3414,7.75,3387,other,35-44,Sweden
12/16/2020,694111,854032,23911,349,4.62,410,other,35-44,Colombia
6/26/2020,461054,1608974,94375,3643,8.29,3182,male,18-24,United States
9/9/2020,725073,5641904,64304,6356,8.08,986,female,55+,Poland
4/24/2020,114010,3535310,56075,8996,6.24,1973,other,35-44,Armenia
3/4/2020,973912,3211072,35880,8056,8.82,1931,other,45-54,Peru
1/22/2020,917851,7480610,89172,6898,6.87,1615,female,18-24,United States
7/24/2020,555084,9428188,19565,539,5.09,2394,female,35-44,China
1/6/2020,778846,5469422,83509,9622,8.1,1564,other,35-44,Finland
8/2/2020,481634,1850775,75004,316,8.99,2584,female,45-54,Kazakhstan
6/16/2020,79445,8578125,80141,6324,7.98,2982,other,55+,Palestinian Territory
3/17/2020,848807,2430811,66626,5091,9.67,1775,female,35-44,Brazil
1/8/2020,271214,6392681,85233,9486,9.11,2996,other,35-44,France
7/8/2020,707842,1091333,17098,6309,1.06,2038,other,25-34,Pakistan
2/1/2020,332359,437851,11824,4117,5.8,3206,other,35-44,China
11/13/2020,275690,1773222,40225,3957,8.94,2767,male,18-24,Turkmenistan
8/2/2020,912413,3431794,36595,9941,4.32,2861,other,25-34,Ghana
11/9/2020,638854,6911905,57312,68,6.3,1886,other,35-44,Czech Republic
6/29/2020,906079,7529397,74446,7949,2.49,573,female,45-54,Armenia
5/30/2020,206153,2253542,15249,9356,7.79,495,female,25-34,China
5/22/2020,168550,9439357,76240,632,3.7,1193,male,35-44,Peru
12/4/2020,914293,1600539,82204,4988,2.75,1870,male,18-24,Sweden
7/10/2020,662943,2965277,33667,6771,6.36,338,female,35-44,Indonesia
7/31/2020,877987,7857974,50542,2241,2.76,2102,female,18-24,Brazil
6/7/2020,765534,1153986,83083,3868,8.22,2983,female,35-44,China
5/26/2020,393245,9664382,25372,843,7.7,3509,other,55+,China
4/2/2020,207563,2269867,7924,6087,5.97,3549,other,45-54,Armenia
5/10/2020,250055,3885938,74362,8507,5.22,2768,female,18-24,Indonesia
4/26/2020,299853,1370639,36503,2101,0.02,1220,other,18-24,China
1/13/2020,773005,9675594,28752,5455,8.96,2978,male,55+,China
2/16/2020,555062,3003160,51579,3011,8.17,2131,female,25-34,Philippines
11/2/2020,264093,1157744,75812,3801,3.42,3222,male,55+,Denmark
6/27/2020,197060,2609474,56841,7152,5.04,2343,male,18-24,Sweden
7/23/2020,658258,2540981,75898,7260,1.23,1848,female,18-24,Ivory Coast
8/10/2020,394465,9752991,37133,4151,4.39,1923,male,35-44,China
11/8/2020,376002,2566705,23189,6584,5.46,2666,male,35-44,Indonesia
3/30/2020,374562,8707634,75721,841,9.85,2839,other,55+,Cuba
6/6/2020,472899,8852182,23672,3946,2.53,787,other,35-44,Mexico
12/25/2020,120091,9447631,79427,5832,9.54,1431,male,45-54,Malawi
2/23/2020,978093,177009,24918,8494,0.65,2081,male,45-54,Lebanon
2/19/2020,908209,1550002,63729,8342,0.22,202,other,18-24,Slovenia
7/20/2020,21146,4672990,72945,6955,2.54,415,other,35-44,China
1/9/2020,411805,2838182,98785,8141,6.15,1842,other,18-24,Ukraine
7/12/2020,809802,521610,99615,7010,0.03,830,female,45-54,Philippines
10/2/2020,547321,5785101,11209,7900,9.34,3243,male,55+,Iraq
9/7/2020,197421,9162768,37169,5069,8.1,1459,male,45-54,Chad
10/3/2020,269076,646278,97679,9791,5.67,3074,female,18-24,Russia
1/19/2020,993482,1713877,79006,3943,6.38,3560,male,25-34,Serbia
2/19/2020,702291,6648379,93283,9565,7.14,2600,male,35-44,China
1/20/2020,886561,9618328,6940,6708,7.83,279,other,35-44,Indonesia
8/2/2020,635689,1431794,89504,241,1.49,1381,male,55+,Russia
1/18/2020,172342,8235981,97617,2814,4.99,2450,male,35-44,Malaysia
4/16/2020,299831,31032,85967,4229,6.66,3422,female,55+,Mongolia
6/8/2020,668888,654620,81627,357,6.3,3077,male,25-34,Aland Islands
6/2/2020,282539,4561051,51312,1322,3.17,2875,male,18-24,Poland
9/26/2020,671012,1463457,64842,7037,9.44,2230,other,55+,China
11/6/2020,196143,8023619,77499,3886,3.69,2077,other,55+,Sweden
9/5/2020,243953,6917470,99321,1182,7.59,2583,male,35-44,Philippines
1/3/2020,936681,8617056,65811,2554,8.26,2572,female,45-54,China
7/27/2020,789047,5273526,86152,2447,4.82,755,other,35-44,Croatia
2/3/2020,653141,1835466,94176,1057,6.44,2379,female,35-44,China
6/5/2020,431927,6702152,93300,1927,1.78,150,male,18-24,Philippines
3/3/2020,481215,1360269,16146,1171,4.08,3176,other,18-24,Vietnam
7/7/2020,179251,2036009,24527,9045,8.84,2388,female,45-54,Slovenia
4/12/2020,203445,59266,98202,1494,6.78,245,female,45-54,Uruguay
10/29/2020,612100,5450248,6916,579,1.03,186,male,45-54,China
2/16/2020,315134,4846358,98101,7013,4.73,1440,other,25-34,China
9/4/2020,548880,371029,46049,4474,6.62,1547,male,45-54,China
5/7/2020,615031,7453326,87332,7186,3.2,2678,female,45-54,Greece
12/7/2020,444953,9315232,57109,7792,9.08,3260,other,35-44,Argentina
2/16/2020,520992,8678161,13771,6459,0.49,1120,other,35-44,Russia
4/13/2020,940575,5806156,3766,3027,8.32,1145,other,55+,China
10/30/2020,977287,5597170,48333,9784,7.64,581,other,18-24,Laos
5/6/2020,348497,542105,90102,102,5.37,2489,other,35-44,China
8/21/2020,954940,6614689,49776,4099,9.33,1041,female,55+,Nigeria
4/30/2020,690426,4706588,81247,8971,1.54,338,male,35-44,Canada
3/14/2020,458742,4975178,75643,9824,8.92,1789,male,18-24,Russia
3/19/2020,989942,8932795,66930,2245,5.94,1206,other,25-34,Nigeria
2/22/2020,429063,3937475,33692,5113,1.39,2412,other,35-44,Pakistan
11/19/2020,261032,2587708,87043,8956,1.88,46,female,18-24,Nigeria
1/25/2020,751253,7082405,11114,3857,7.36,949,other,35-44,Philippines
6/15/2020,861368,1344712,8184,4460,2.73,1330,female,25-34,Philippines
11/2/2020,273425,2473839,52669,761,7.94,2108,other,35-44,Germany
11/17/2020,710332,6917192,4612,7490,7.85,2703,other,18-24,Brazil
11/15/2020,535943,2737452,50280,2526,2.93,3411,other,35-44,China
2/23/2020,543916,1717833,93870,7922,4.66,3197,female,25-34,Mexico
3/6/2020,563839,2038567,33653,18,6.24,1580,female,45-54,Mexico
3/23/2020,278566,6710117,79640,4339,4.2,3156,female,18-24,Indonesia
2/22/2020,535074,8041728,10728,2596,1.17,2061,other,35-44,Mongolia
12/14/2020,896973,4634082,67284,1116,7.84,2422,female,45-54,China
4/10/2020,38741,3185809,93090,7249,6.64,1213,female,25-34,Thailand
11/19/2020,417596,2094169,63235,2265,6.65,2524,other,18-24,Sweden
4/1/2020,993144,2664269,50123,2490,1.24,1961,other,45-54,Philippines
12/16/2020,826818,639941,73498,9426,9.77,2692,female,55+,China
7/13/2020,578566,9985093,32807,8743,4.88,270,male,18-24,South Africa
5/17/2020,771876,7392123,52068,5194,5.48,1306,other,35-44,China
4/14/2020,848332,3767556,6878,9032,5.03,220,other,25-34,Norway
11/27/2020,610840,7625535,39640,354,5.55,1216,male,35-44,China
1/19/2020,343323,8778285,93085,8669,0.65,1391,other,45-54,Uganda
9/9/2020,462258,9058441,80081,3497,9.35,2577,female,55+,Russia
10/11/2020,971877,8170017,73885,4935,6.65,3466,male,35-44,Brazil
12/28/2020,241683,9084683,37357,2078,4.97,2800,female,18-24,China
12/2/2020,887339,323957,4625,798,7.13,2294,other,25-34,Japan
4/20/2020,887354,219836,81212,2697,9.86,562,other,25-34,Mexico
6/29/2020,282459,6913960,73143,7443,7.34,82,female,55+,France
4/17/2020,545725,9771214,22576,4546,3.77,3491,male,25-34,China
5/18/2020,610041,6548260,56651,3981,6.23,163,female,45-54,Russia
2/4/2020,947694,470173,18005,4453,7.24,2167,female,35-44,Brazil
8/6/2020,58475,9302296,29404,4559,2.62,2922,female,45-54,Uruguay
11/29/2020,367067,3061822,26991,3312,8.91,3126,female,35-44,China
7/19/2020,54074,2320429,22170,1330,9.38,287,other,55+,France
2/13/2020,417544,7217657,99399,7689,3.13,2169,male,25-34,Japan
1/16/2020,389672,2775952,93843,2992,5.83,885,female,18-24,France
7/19/2020,890338,1377709,4481,4538,8.27,2638,male,18-24,Poland
5/21/2020,377772,5198733,13854,9507,6.15,2233,other,45-54,China
9/20/2020,588224,6434657,49727,5243,5.14,3479,female,45-54,China
5/31/2020,419353,5068908,79738,1794,5.99,519,male,25-34,China
4/12/2020,56850,8911787,55100,8026,6.46,306,male,35-44,El Salvador
8/29/2020,454722,5174429,15991,8045,1.32,653,other,45-54,China
5/30/2020,892824,1849360,48589,5076,2.18,1897,female,45-54,Poland
12/24/2020,478361,8651619,50625,8353,3.3,470,male,55+,Indonesia
11/8/2020,811561,2498437,44999,3758,6.39,1160,other,55+,Tanzania
12/30/2020,227387,6766783,47984,4307,2.4,839,male,35-44,Sweden
8/23/2020,389179,4530395,67947,9685,0.03,3144,other,18-24,Indonesia
3/22/2020,534482,5105031,6557,1003,8.49,3519,other,25-34,Portugal
1/21/2020,440158,4207132,33127,779,0.48,747,female,45-54,China
8/4/2020,234519,2892691,37123,8832,9.6,1751,female,18-24,Indonesia
7/14/2020,842336,6300622,57161,964,5.96,2182,other,35-44,China
2/12/2020,466410,1721416,43941,2519,7.47,1129,male,35-44,Bulgaria
3/23/2020,584913,576291,55676,7893,4.3,80,female,45-54,Colombia
2/24/2020,469183,6700951,35749,332,8.05,1048,female,25-34,Democratic Republic of the Congo
5/4/2020,458747,8060684,69820,3675,7.66,2437,male,55+,Indonesia
1/29/2020,408410,8468836,32894,8269,8.55,3344,male,45-54,Bolivia
4/18/2020,773352,4855857,88975,7503,8.34,2529,male,18-24,Nicaragua
7/30/2020,934753,3984186,30442,9180,3.9,1080,male,18-24,Indonesia
10/4/2020,582655,7239829,62681,5881,4.83,843,male,18-24,Morocco
5/28/2020,43716,626498,44423,3665,1.36,63,male,18-24,Thailand
1/8/2020,260872,6562103,21695,8483,2.07,75,female,18-24,Indonesia
1/25/2020,757295,3803173,80971,4651,0.68,2634,female,45-54,Greece
9/3/2020,185651,2908685,75326,4536,7.61,2577,other,25-34,Ethiopia
7/2/2020,710203,2845957,65270,8667,3.19,1498,male,45-54,Indonesia
4/18/2020,13135,4256907,10948,2163,4.54,3108,other,18-24,Russia
2/5/2020,362463,1754391,48038,5104,4.63,1043,other,18-24,China
1/10/2020,360558,4743864,52229,3156,7.12,188,female,45-54,China
1/11/2020,660977,1653269,51403,1860,6.85,2677,female,18-24,Indonesia
12/28/2020,31861,7730662,97034,7678,4.78,2617,other,45-54,Macedonia
2/6/2020,620146,6873269,32084,131,8.91,2537,other,18-24,China
4/29/2020,430770,2931365,27390,1564,4.09,2762,female,25-34,Bhutan
10/3/2020,565661,7195746,61958,3892,4.78,919,male,25-34,Indonesia
7/17/2020,21302,7486270,77255,7570,1.69,3258,other,45-54,China
11/19/2020,363819,86489,67701,6438,0.38,3505,other,35-44,China
6/10/2020,52997,2857712,12961,4445,0.53,604,female,55+,Czech Republic
12/27/2020,258204,22430,16211,7102,8.87,2132,female,55+,Brazil
12/4/2020,998704,9420797,61756,264,6.49,151,male,35-44,France
2/1/2020,274714,562109,18702,2501,0.36,1660,female,55+,Hungary
9/13/2020,702346,851804,74561,9812,8.89,2009,male,55+,China
6/7/2020,115972,328300,18037,7776,2.36,1880,male,45-54,Indonesia
3/21/2020,870387,8492627,63157,4877,2.55,2356,other,55+,Russia
3/13/2020,573554,7439998,22938,9612,7.78,314,female,25-34,South Korea
1/21/2020,528795,5201302,66084,6295,3.94,1328,other,35-44,Vietnam
12/11/2020,687823,5825623,64876,6793,0.34,1529,other,55+,French Southern Territories
2/18/2020,589748,1596990,65623,7869,8.6,1225,other,45-54,Zambia
7/18/2020,847431,1696919,24033,5220,0.88,38,other,25-34,Philippines
4/25/2020,282934,7504244,19986,7137,3.34,2754,other,45-54,France
4/23/2020,800376,5097608,58541,548,0.25,785,female,35-44,Yemen
10/26/2020,622735,3310581,50556,7133,2.73,2916,female,45-54,Russia
9/3/2020,296590,1045483,40986,1326,7.12,3200,female,25-34,Argentina
2/2/2020,884964,7209045,45552,7434,1.45,2110,female,55+,Indonesia
2/8/2020,834582,4792583,31962,9543,4.53,2143,other,35-44,China
4/18/2020,217972,6063511,26232,2260,4.24,679,female,45-54,Czech Republic
3/12/2020,928322,7017297,95489,1394,7.99,795,female,18-24,Philippines
11/29/2020,874219,862294,32131,8457,2.68,900,other,18-24,United States
6/21/2020,524727,9579854,6944,5455,9.47,758,other,25-34,China
8/30/2020,534869,6788581,23159,6065,2.61,1017,male,18-24,Indonesia
12/27/2020,601045,435180,90737,6284,4.73,648,other,18-24,Mongolia
8/19/2020,596693,3001769,63208,9595,9.59,2975,male,55+,Belarus
7/28/2020,149336,8871433,73291,6103,2.68,2687,female,25-34,China
6/16/2020,321610,6230314,11085,2053,1.67,1240,other,55+,Indonesia
10/11/2020,312896,8058064,257,3773,0.71,1889,female,18-24,Indonesia
11/11/2020,581075,2360743,96710,786,3.13,617,female,25-34,Indonesia
8/25/2020,578189,1665412,92538,4922,5.62,2794,female,35-44,Ukraine
10/15/2020,212461,7662819,860,1980,1.58,287,male,45-54,Indonesia
8/9/2020,533443,8414343,42744,4279,1.73,1383,male,25-34,Portugal
8/12/2020,461834,9665963,89188,5091,9.39,2066,male,25-34,Indonesia
10/2/2020,681024,4375235,53540,2107,6.69,3404,other,18-24,China
6/22/2020,81893,7096216,34204,3366,3.97,3193,female,18-24,Philippines
12/7/2020,716948,2377035,93887,7112,3.47,1797,other,18-24,China
11/26/2020,729193,1638627,99608,5127,6.72,3187,female,45-54,Netherlands
1/5/2020,371337,9413875,31884,6855,7.42,1028,female,35-44,Portugal
7/26/2020,156338,8652186,61939,241,1.68,1635,male,35-44,Indonesia
5/27/2020,895093,3367549,89195,1864,2.15,738,male,18-24,Netherlands
5/30/2020,272928,7573943,88989,3704,2.94,2288,female,55+,Colombia
7/22/2020,999966,2863922,29030,1450,8.58,1275,female,55+,Indonesia
12/8/2020,494408,9499449,56006,6624,2.63,2514,male,45-54,Indonesia
5/4/2020,624310,6781442,96857,6336,4.87,1885,female,35-44,Turkey
10/2/2020,33935,1292630,34555,2824,7.46,3008,other,45-54,Cuba
1/22/2020,98628,5285305,32990,3255,4.71,3261,female,18-24,Sweden
12/30/2020,509462,5518544,27120,9819,9.75,3289,other,35-44,United States
4/3/2020,452309,632763,71307,5280,4.96,3539,male,25-34,Sweden
7/13/2020,93739,2735747,59898,5204,4.4,1107,female,18-24,China
7/25/2020,97659,1340904,92224,3321,3.71,550,other,55+,Cuba
2/17/2020,41710,2772324,9602,2185,3.37,331,male,45-54,Angola
1/9/2020,733990,951592,38877,2624,1.97,130,female,55+,Philippines
7/17/2020,341060,4439584,75730,2323,2.53,2529,male,55+,Philippines
4/24/2020,502464,6072960,92709,3322,1.34,2025,other,25-34,Portugal
1/30/2020,421073,3926714,25502,492,4.12,3444,male,25-34,Peru
12/22/2020,381591,5041295,59279,4114,9.76,111,female,35-44,Russia
8/22/2020,582212,4140949,85233,1603,3.15,1649,other,25-34,Bangladesh
9/11/2020,341337,7717783,10330,6038,7.1,2088,female,18-24,China
3/20/2020,144654,3621755,85467,6861,6.66,2531,male,45-54,Russia
4/19/2020,212468,5533158,1014,854,2.66,97,other,25-34,Pakistan
1/12/2020,686647,5987011,57104,9117,8.42,1895,female,35-44,France
3/10/2020,906559,1621023,76684,6842,2.49,1568,other,55+,China
6/24/2020,267421,477457,88929,3167,9.09,892,female,45-54,China
1/15/2020,729268,4761527,99552,2659,2.29,1363,male,35-44,Peru
2/16/2020,63961,8488729,46919,9090,2.53,3575,male,45-54,Russia
7/15/2020,377713,2298194,25603,6396,9.23,247,female,55+,Japan
10/4/2020,223711,7603100,93701,9635,0.86,1115,male,18-24,Russia
1/6/2020,467794,6756916,59828,8164,1.66,1434,male,25-34,Afghanistan
7/30/2020,974688,6321107,8936,4436,2.09,3266,male,35-44,French Guiana
2/1/2020,942931,1910039,5302,3769,5.44,1826,female,18-24,Russia
9/25/2020,808788,7075372,60379,9825,2.81,446,female,18-24,Brazil
9/6/2020,890374,6219946,2944,273,5.51,2527,other,45-54,Cameroon
1/3/2020,699904,9427015,11338,7074,3.18,2156,other,55+,Portugal
9/16/2020,261,8203515,56435,3849,8.05,682,female,55+,Philippines
1/3/2020,295360,5889820,7936,1103,8.68,1107,male,25-34,Ecuador
12/2/2020,848360,6934527,2774,5443,0.38,2825,male,18-24,Philippines
10/3/2020,848539,6787570,35583,2513,7.0,1662,male,45-54,Kuwait
12/27/2020,80935,9374386,8817,7279,2.88,414,male,45-54,Argentina
11/17/2020,65396,4441327,34546,4981,6.97,2777,male,55+,China
8/29/2020,625623,7475151,69349,7881,9.86,3493,male,25-34,China
11/2/2020,522776,5592346,51486,9130,1.02,384,other,25-34,Philippines
4/20/2020,692475,8545045,69457,5635,8.66,2748,female,55+,China
12/26/2020,989772,8030110,63972,4382,1.16,2381,other,18-24,Sweden
8/20/2020,936095,3757635,58785,3051,1.49,507,other,18-24,Iran
9/13/2020,155891,9290227,45038,5792,2.81,755,other,45-54,Indonesia
1/23/2020,738310,9895693,77187,2571,8.53,3361,male,55+,Tunisia
10/11/2020,899544,4606976,73586,7163,7.97,126,female,55+,Indonesia
10/9/2020,249,5472823,75457,6938,8.26,2640,male,18-24,Thailand
2/14/2020,915153,4542364,10998,9625,6.37,2235,other,18-24,Czech Republic
3/12/2020,603317,9620426,83985,6855,2.98,449,other,18-24,Venezuela
3/17/2020,510053,1801235,11689,2540,9.63,2633,male,35-44,Canada
6/22/2020,543252,5315407,28961,439,9.59,2368,male,25-34,Ukraine
7/7/2020,127868,5676028,87963,3941,3.16,1496,male,18-24,France
2/12/2020,258698,6297027,14589,183,0.5,3038,male,45-54,Colombia
2/16/2020,713010,9392626,81898,4715,4.66,2110,male,45-54,Mauritius
12/25/2020,715834,7069231,82738,4885,4.61,3373,other,25-34,Sweden
2/17/2020,79807,2771149,79354,1888,5.87,1250,other,18-24,Honduras
11/27/2020,744994,9217121,7989,3192,7.59,1278,other,45-54,China
4/30/2020,24966,4868279,51486,5502,0.88,2634,male,55+,Albania
5/20/2020,894969,3795530,42312,3256,3.6,1368,other,55+,Ukraine
5/27/2020,835170,7970128,58393,8224,7.28,2483,other,18-24,Czech Republic
5/27/2020,229027,8768220,70820,5559,4.32,853,female,55+,Indonesia
1/18/2020,601925,6070028,66563,7638,5.0,1023,other,55+,China
3/18/2020,83089,3688479,19555,281,5.39,499,male,55+,China
8/8/2020,869628,1273747,32826,3897,4.22,170,female,35-44,China
5/8/2020,55237,7919411,4137,1335,8.84,2454,female,45-54,China
3/19/2020,263542,9729964,93700,3319,3.14,2953,male,55+,New Caledonia
7/4/2020,352741,5802377,96322,2255,7.55,1416,other,18-24,Thailand
8/19/2020,228522,6681253,43730,1321,4.76,2664,female,35-44,Sweden
7/25/2020,900916,2449012,90052,6114,6.63,1885,female,55+,Indonesia
10/26/2020,88731,7830812,56041,1117,0.71,3378,female,25-34,Mexico
11/29/2020,875881,1189533,9626,5532,1.48,1593,female,55+,China
10/28/2020,513095,6575115,11127,5148,6.41,1726,other,45-54,Argentina
7/7/2020,699076,9972640,60281,8987,9.61,3037,female,45-54,Angola
9/2/2020,113751,3718355,68647,3761,4.96,3313,male,18-24,United States
11/23/2020,367599,996796,25711,4022,2.91,1949,other,25-34,China
7/21/2020,161145,6274120,10438,4800,0.26,965,other,18-24,Indonesia
9/22/2020,814478,7938336,25702,2646,6.05,1486,other,35-44,France
2/5/2020,569086,9524168,40365,1871,5.78,3532,female,55+,Philippines
1/23/2020,489912,2024792,93204,7548,6.26,2491,female,18-24,United States
9/20/2020,68970,2310774,69518,7966,1.49,2235,other,55+,Poland
1/10/2020,887261,4102091,12246,5526,7.73,1254,other,45-54,Indonesia
7/17/2020,272374,9393583,71963,3878,9.5,1298,male,45-54,Japan
6/17/2020,845787,138097,76745,4301,7.68,1526,other,55+,China
6/7/2020,828038,6561330,20230,8908,6.93,675,male,55+,China
8/29/2020,211915,9153463,19521,3113,3.72,1753,other,55+,Indonesia
7/15/2020,210844,8712549,92602,5746,9.24,3059,male,45-54,Argentina
11/10/2020,12578,3886861,69129,1814,0.93,1092,female,25-34,China
9/21/2020,817773,2271760,27253,4778,5.46,942,male,55+,Mexico
8/26/2020,615791,6138624,95904,402,9.26,1696,female,18-24,Czech Republic
12/8/2020,758146,4168286,10135,9996,8.2,715,female,35-44,South Africa
2/27/2020,548535,2089169,17150,8854,6.57,824,female,35-44,Myanmar
2/14/2020,820322,2554648,14715,7831,2.83,1433,female,18-24,Albania
1/29/2020,802979,1480013,98984,7063,3.69,1401,female,25-34,China
12/23/2020,30575,9257743,37541,8317,0.8,898,male,55+,Georgia
7/31/2020,191244,2569636,72182,2765,2.34,851,female,25-34,Argentina
12/4/2020,316486,9185670,72887,4557,1.74,3310,female,25-34,Ireland
4/23/2020,322781,8126289,78810,4909,0.19,820,other,35-44,Portugal
1/25/2020,815231,9167371,49440,2082,4.74,1488,male,18-24,Finland
10/6/2020,683723,6194003,87877,9838,6.51,358,male,35-44,China
1/14/2020,658014,664040,63741,9823,7.93,1555,male,25-34,United States
7/22/2020,189793,3108652,96695,8964,0.18,2003,other,18-24,Benin
2/1/2020,3664,2401566,30860,727,0.83,1115,male,55+,Poland
11/7/2020,433356,746818,25166,1378,8.51,3338,other,55+,Poland
10/20/2020,50925,721205,28444,3869,8.35,1028,male,18-24,Cuba
4/15/2020,447177,7511511,6804,5507,1.06,2382,other,55+,France
11/26/2020,256595,7582177,15617,2643,0.89,487,other,35-44,Indonesia
2/19/2020,770085,1508611,21400,1696,8.41,1108,female,55+,Bulgaria
10/2/2020,350826,3948928,3205,6188,6.48,1467,male,35-44,Indonesia
1/19/2020,454369,141955,21894,5384,9.98,887,other,25-34,Nigeria
8/19/2020,312575,7425764,17000,2713,6.97,915,male,35-44,Philippines
9/1/2020,366414,3533154,42405,1858,1.44,2495,female,55+,China
2/18/2020,556247,6224584,43812,1218,5.3,2839,other,55+,Portugal
3/7/2020,326422,8003879,14331,7000,1.97,3308,other,18-24,China
11/16/2020,576664,6296419,24740,5776,1.25,3490,female,55+,Portugal
7/18/2020,725910,5659146,13350,5852,1.83,1741,female,55+,Egypt
8/30/2020,38933,1895740,29557,2413,9.49,1459,other,18-24,Iraq
4/16/2020,711201,8774117,11972,1471,5.56,2854,male,25-34,Sweden
9/22/2020,43393,8358902,61338,4885,5.73,2439,other,25-34,Sweden
2/25/2020,996898,3131851,15783,6119,2.55,3352,male,55+,Poland
11/29/2020,208625,4738828,83088,6445,5.54,335,male,55+,China
3/28/2020,327317,74239,62984,1286,2.11,504,other,35-44,Philippines
2/3/2020,968299,7755055,22861,5984,5.02,409,other,25-34,Colombia
2/14/2020,892206,2385818,96021,4530,5.58,135,male,55+,France
3/6/2020,532893,1529004,81949,9040,8.87,1175,other,35-44,Brazil
1/25/2020,999517,9747156,4544,3080,0.76,2683,other,45-54,China
9/9/2020,291483,4386039,42775,4744,4.98,3087,male,18-24,China
10/7/2020,750628,1889350,60169,7014,7.59,3492,female,18-24,Morocco
11/19/2020,136432,7696847,33431,1746,9.19,3585,other,25-34,Finland
5/25/2020,873467,1845559,51632,2572,1.29,3047,male,25-34,Greece
5/5/2020,5128,7849300,98947,1993,4.91,3008,male,35-44,Russia
8/4/2020,279235,3376184,83090,4633,7.59,1143,female,25-34,China
5/23/2020,386875,2203332,75256,2107,9.1,1803,male,45-54,Russia
1/18/2020,102289,7437380,43747,5310,3.18,2262,male,55+,Russia
1/2/2020,685577,6167363,51445,8629,0.37,2249,female,25-34,Sweden
12/17/2020,344931,1995715,63996,983,2.55,363,male,55+,Ukraine
5/25/2020,549552,7024470,1650,1430,9.01,2482,male,45-54,Albania
12/25/2020,491020,9486960,67632,8622,7.98,1080,other,25-34,China
5/18/2020,160918,5913389,94851,9145,3.63,554,male,25-34,China
8/30/2020,526930,6648386,33727,8791,6.75,988,other,25-34,Ukraine
7/8/2020,366546,966312,1634,9068,8.68,1279,other,35-44,Philippines
7/13/2020,414817,3879963,7074,4093,9.74,68,other,18-24,Albania
2/19/2020,193211,5534134,10180,9038,4.79,2745,female,18-24,Croatia
1/9/2020,993109,6607949,34740,7386,0.96,1304,other,35-44,Poland
11/14/2020,832128,78879,9700,8441,8.21,1891,male,35-44,Philippines
9/8/2020,165986,8441970,18167,8116,3.15,774,female,45-54,China
8/30/2020,609854,8361552,54460,5102,3.23,69,male,18-24,China
9/10/2020,798786,4082721,95704,2350,5.51,225,other,45-54,United States
12/12/2020,235631,988994,89054,3584,8.59,1947,female,35-44,Malaysia
3/12/2020,763901,239644,6590,7468,4.81,987,male,25-34,Indonesia
5/13/2020,400424,9994777,73144,5964,3.55,269,female,55+,Brazil
11/1/2020,734301,6490559,70203,5785,6.06,2402,male,55+,Japan
1/4/2020,829680,7098497,16905,5653,4.65,3359,male,55+,China
5/15/2020,153131,2164318,89571,859,9.66,2523,female,35-44,Cambodia
8/23/2020,599905,7744037,6002,7585,9.89,2750,male,55+,Poland
11/24/2020,51996,8674975,25582,9543,6.09,2891,male,25-34,Philippines
11/11/2020,265523,8365687,51035,5806,3.56,1364,other,45-54,Sweden
12/5/2020,852142,1343255,86689,2160,4.41,1947,other,45-54,Indonesia
5/24/2020,349347,3939634,81613,4445,2.27,577,male,25-34,Thailand
10/24/2020,711081,9766023,57133,3383,3.2,1052,other,35-44,China
4/15/2020,935852,4499310,80557,589,8.89,188,other,25-34,Japan
2/26/2020,122107,4408383,52267,4327,0.89,739,female,18-24,Indonesia
6/22/2020,633270,1194945,10441,1052,5.84,944,female,45-54,Canada
12/3/2020,361831,8320265,88930,3677,2.74,2737,male,45-54,Cameroon
7/25/2020,215060,9253153,82920,671,4.41,993,female,18-24,China
7/27/2020,529220,4377206,14883,5568,8.74,580,other,25-34,China
9/26/2020,960109,373122,20353,4148,2.9,1747,other,45-54,China
5/19/2020,592210,8014215,96062,7529,9.99,3409,female,45-54,China
12/21/2020,335657,5700380,32455,4715,9.8,1415,female,55+,Russia
9/8/2020,419127,723304,39511,7373,5.8,992,female,55+,Russia
5/13/2020,513826,442023,48121,9843,3.83,770,female,45-54,Belarus
6/1/2020,638776,7623904,87678,8626,2.85,105,female,18-24,Philippines
5/14/2020,533546,7859716,63487,9625,5.53,2268,other,18-24,Portugal
2/7/2020,162626,8784060,7142,6565,4.35,1637,female,25-34,Chad
2/23/2020,237858,2277619,64972,8411,4.66,3376,male,18-24,Afghanistan
4/30/2020,425267,4275187,59656,1322,7.68,1680,other,35-44,China
1/14/2020,480032,6114566,811,7332,4.56,1814,male,18-24,Peru
10/29/2020,209626,363998,10324,6767,0.66,1493,female,18-24,Kenya
7/9/2020,324170,4838224,73033,9784,4.43,2555,female,55+,China
10/13/2020,149831,9983135,42219,8915,3.91,1401,other,55+,United States
2/21/2020,429860,8348540,16646,4239,7.36,333,female,45-54,Serbia
8/20/2020,114020,3640377,82070,7145,0.3,1607,female,25-34,Croatia
10/24/2020,362864,2790100,90237,7598,5.82,2407,other,35-44,Vietnam
4/18/2020,438415,9212201,34535,8079,7.65,505,female,45-54,Moldova
10/17/2020,997860,7837526,22973,9033,7.48,860,male,55+,Czech Republic
1/29/2020,363941,9120352,92894,895,0.03,757,other,35-44,China
11/10/2020,520568,4986176,77137,4762,6.67,587,female,25-34,Vietnam
8/13/2020,888108,8098254,52578,4355,9.28,2548,male,25-34,Brazil
1/23/2020,655999,7128974,58908,2386,8.4,1190,male,45-54,Croatia
6/23/2020,715121,8031758,38454,9738,9.36,280,male,55+,China
1/11/2020,282637,5463261,57773,7580,7.15,750,female,18-24,Australia
2/22/2020,799521,7099215,63340,4179,1.49,2229,male,35-44,China
6/20/2020,413392,9044908,83584,3829,5.97,2842,male,45-54,Indonesia
5/31/2020,104758,1300951,20725,7275,7.43,2735,other,25-34,China
2/11/2020,556438,6151800,10313,822,7.0,2846,other,35-44,Philippines
8/9/2020,644626,283081,46053,6285,4.8,2918,female,45-54,Indonesia
4/1/2020,935018,7986865,84671,8226,7.9,2096,female,18-24,Poland
4/1/2020,699041,4934666,26004,1213,3.41,3082,other,25-34,Brazil
1/4/2020,747690,7851436,64321,5427,1.87,531,other,35-44,United States
6/22/2020,236380,9691731,57430,7445,3.53,3512,female,25-34,Serbia
5/18/2020,816777,2108108,21109,5293,7.92,610,female,25-34,China
5/27/2020,937620,6189755,27484,3451,2.84,1142,male,18-24,Russia
1/22/2020,526663,5680715,32414,3843,6.06,1101,female,45-54,China
1/12/2020,723620,9837966,10814,587,6.36,3456,female,55+,China
1/19/2020,602360,8298865,4382,7259,1.31,2793,other,18-24,Poland
3/9/2020,70706,3794560,91002,3252,9.64,101,female,18-24,China
6/26/2020,884305,3461216,66537,2733,1.23,121,female,25-34,Kenya
6/22/2020,857132,6901947,37161,6503,1.5,2210,male,35-44,Libya
9/29/2020,159065,8643350,6277,8708,3.0,1023,female,35-44,Germany
2/4/2020,441330,8042798,28685,5323,6.16,2208,other,45-54,Portugal
2/25/2020,402593,9521394,23530,9578,3.42,1026,other,35-44,Greece
8/10/2020,459060,8461773,26416,280,0.27,256,male,18-24,Netherlands
9/8/2020,805864,7558707,45504,5985,3.47,2683,female,55+,Poland
2/3/2020,776798,5327713,37030,2196,6.37,671,male,35-44,Poland
10/5/2020,497410,6473602,59067,9670,3.18,760,female,35-44,Estonia
4/14/2020,823709,5123084,98436,8865,4.26,224,male,45-54,Bosnia and Herzegovina
5/24/2020,338570,6051218,72451,4969,6.92,688,male,18-24,Iran
3/24/2020,711905,9354959,97857,4223,8.01,1813,male,55+,Indonesia
12/19/2020,366842,1155977,38662,4615,1.47,644,other,25-34,Brazil
3/27/2020,435117,7564699,13763,8540,4.92,962,female,35-44,Japan
10/12/2020,317919,5952350,31957,512,8.97,250,male,45-54,Germany
9/9/2020,430918,2265650,46562,1303,8.16,793,female,35-44,Philippines
7/14/2020,553506,1941954,7687,6463,8.48,65,other,35-44,Vietnam
1/31/2020,635321,3800508,27027,6207,1.35,2790,other,18-24,China
10/23/2020,533315,3854123,88734,6247,4.8,2067,other,45-54,China
4/21/2020,711947,4929852,32478,6215,2.46,903,other,25-34,China
3/30/2020,978768,5220245,28579,3059,8.71,1426,female,55+,Ukraine
10/20/2020,221917,7517705,38014,3868,7.47,311,other,55+,Mexico
4/8/2020,582400,6758221,27776,6798,0.21,132,male,35-44,Indonesia
8/28/2020,507611,6071243,95249,7642,8.46,1433,other,55+,Indonesia
2/25/2020,122600,2214486,83171,2467,4.11,668,female,18-24,El Salvador
2/27/2020,674251,450650,55936,9204,6.25,664,other,45-54,China
1/31/2020,524977,4922585,64928,2388,3.63,1992,other,45-54,Guatemala
11/10/2020,914743,5004661,7301,9201,1.61,1874,male,45-54,Indonesia
5/17/2020,112776,1285120,93553,9689,2.04,1021,other,35-44,China
6/5/2020,84521,9630627,42002,4719,3.56,1286,other,45-54,Thailand
2/17/2020,931927,2808932,98845,5086,1.82,993,male,35-44,France
5/4/2020,415611,9367302,24113,716,4.58,576,male,25-34,South Africa
1/29/2020,124140,5282794,32211,9295,5.91,2879,male,55+,Croatia
5/23/2020,958809,6324119,81934,9636,0.97,2287,female,45-54,China
4/13/2020,637660,5238738,14849,3713,3.59,1638,other,35-44,France
7/16/2020,9726,7363830,28105,7303,4.4,177,other,25-34,Indonesia
6/8/2020,815942,4590458,37106,5765,9.88,13,female,18-24,Philippines
8/22/2020,619072,3573147,64011,575,5.71,1176,male,55+,Portugal
10/17/2020,961896,7992332,73280,9896,1.44,3311,female,45-54,Cayman Islands
4/28/2020,12364,9401841,99687,9834,2.87,1910,other,35-44,Russia
2/25/2020,949373,7860391,71072,1743,5.76,2797,other,45-54,China
12/15/2020,29386,2694049,63798,3204,6.7,3527,other,55+,Philippines
7/26/2020,462229,6098836,6322,3916,2.9,2566,female,45-54,Armenia
5/14/2020,253692,4295031,60274,54,5.32,497,other,45-54,Germany
10/7/2020,326296,3226412,45546,9332,0.5,3320,female,35-44,France
10/12/2020,300152,9362263,67112,5614,6.46,1084,male,18-24,Denmark
12/17/2020,463345,3466905,69631,2099,1.57,2129,female,35-44,Indonesia
3/17/2020,255422,5535827,77457,7774,1.65,3539,other,45-54,Portugal
1/28/2020,501239,1941675,36647,3067,3.3,1595,other,35-44,Nepal
2/19/2020,860398,4163253,36425,9836,1.2,3245,male,45-54,Indonesia
9/1/2020,138124,1398470,9903,3685,1.46,3497,other,25-34,Russia
3/24/2020,465607,8079895,21070,6801,8.28,2866,other,45-54,Mexico
3/2/2020,517814,2671485,29398,6196,9.21,346,male,18-24,France
4/17/2020,810979,8499642,6852,7798,2.57,517,other,55+,Moldova
10/3/2020,988357,7580107,83129,3757,3.29,995,female,18-24,Russia
3/16/2020,940168,85432,27543,5307,9.13,2771,other,55+,Portugal
1/19/2020,928180,1583307,49472,4310,0.92,186,other,45-54,United States
10/18/2020,403001,6561677,82342,2884,4.76,3230,male,18-24,Finland
11/25/2020,574774,5652428,90418,6648,8.81,2913,female,55+,China
4/5/2020,170060,3615047,89921,6110,0.27,328,female,35-44,Netherlands
6/26/2020,54324,7545121,27392,8823,2.84,1674,other,55+,Poland
3/23/2020,377925,8575161,48155,4344,1.64,1927,female,55+,Saudi Arabia
5/1/2020,695398,155712,71856,2998,7.91,1343,female,55+,Czech Republic
8/22/2020,325390,3786739,22191,8916,3.58,1935,male,35-44,Nigeria
9/24/2020,116622,418164,84104,8575,0.55,971,other,35-44,France
11/4/2020,663839,2330664,39435,2926,9.66,232,other,45-54,Mongolia
4/24/2020,841044,3073168,41381,6634,4.2,794,male,18-24,Greece
4/1/2020,799284,4097197,65792,8688,6.91,3180,male,35-44,Tunisia
11/22/2020,614372,5651007,27712,9658,5.65,776,male,25-34,Russia
5/26/2020,817188,7137303,12182,7452,6.01,1191,male,35-44,Nigeria
6/3/2020,957723,6828842,76219,9536,2.51,3491,other,25-34,Colombia
8/18/2020,532454,6037773,92368,6666,5.3,2212,male,18-24,Malaysia
1/3/2020,833911,5532812,53169,1493,3.93,3217,male,25-34,Latvia
3/1/2020,492701,5167975,88495,2488,0.47,2100,female,25-34,Greece
8/17/2020,298965,1116088,52608,2684,7.87,911,other,55+,Honduras
6/12/2020,226707,4157790,42601,4397,9.73,256,female,45-54,China
3/29/2020,681896,8369495,75880,1991,9.79,138,other,35-44,Estonia
2/4/2020,964706,4579345,13444,6494,2.13,2786,female,25-34,Serbia
4/6/2020,391628,7352128,56695,3008,2.16,3419,other,35-44,Brazil
10/6/2020,800515,9444352,62798,700,6.21,1547,female,18-24,Colombia
3/13/2020,745697,3860722,23843,9800,2.52,2459,female,18-24,Venezuela
11/28/2020,926232,6509906,24211,7636,0.41,1833,female,45-54,Colombia
12/15/2020,255792,4691858,59206,0,9.82,1113,other,45-54,Indonesia
2/11/2020,418680,6305320,63225,882,1.17,1258,male,35-44,China
4/27/2020,814341,216935,84209,545,8.53,1321,female,55+,Bolivia
11/22/2020,779778,6129576,72401,9039,7.39,3297,female,18-24,Sweden
10/30/2020,710455,92368,91851,8949,7.88,1610,male,55+,China
2/15/2020,461333,3453664,26007,1696,5.82,365,female,18-24,Canada
2/7/2020,41335,9786418,73745,2774,6.95,1314,female,55+,Serbia
11/9/2020,125608,2611791,33635,4372,3.91,1785,female,55+,Bulgaria
5/27/2020,353746,111476,65480,9688,8.3,2415,other,18-24,Russia
4/12/2020,684312,3327892,2113,4447,9.26,330,other,35-44,China
5/13/2020,386427,228779,4394,2965,0.22,2660,other,45-54,Norway
4/6/2020,38852,4069535,97327,7028,3.3,88,male,35-44,China
2/24/2020,577926,8574172,51478,3769,7.94,3241,male,18-24,Japan
10/8/2020,607203,7437579,67385,8433,7.63,2338,female,35-44,Colombia
12/25/2020,585008,7831631,81831,4802,8.66,3082,other,45-54,Syria
2/7/2020,82097,722691,38058,6068,3.42,2084,male,45-54,Bangladesh
7/27/2020,889037,2973759,97153,7146,5.79,3095,male,55+,Philippines
1/22/2020,821233,8550226,29191,273,9.63,3026,male,45-54,Portugal
7/13/2020,390799,3353368,49728,2411,1.55,116,female,18-24,Czech Republic
2/6/2020,614572,9371522,29938,3132,5.55,614,other,25-34,Mexico
3/6/2020,897754,5813211,58645,6388,6.87,196,male,55+,China
1/8/2020,190160,8362129,51075,7006,1.59,3107,female,45-54,Japan
11/16/2020,730212,6905537,48201,1956,9.18,1915,male,55+,Portugal
1/2/2020,391946,9066109,3955,6028,8.77,2505,other,55+,Russia
1/3/2020,393763,8856914,45521,8889,3.78,615,male,35-44,Czech Republic
12/27/2020,740011,7402377,94850,8943,6.41,562,other,25-34,Philippines
3/29/2020,851778,8989889,79547,9295,8.85,2760,male,55+,Brazil
7/2/2020,548941,7904814,68520,9356,6.82,1554,other,35-44,Peru
5/24/2020,824593,5865149,68347,2537,7.25,996,other,55+,Philippines
6/21/2020,231022,8713639,41257,6194,2.34,534,other,55+,Indonesia
3/12/2020,416268,5205510,41216,2357,6.16,675,other,18-24,Portugal
2/4/2020,492581,6774955,74123,3323,6.68,1442,female,35-44,Indonesia
7/27/2020,552203,6121251,96613,1,1.0,734,other,35-44,Indonesia
7/24/2020,767875,6042855,23108,1037,9.64,1637,other,55+,Philippines
1/9/2020,987430,9857781,36936,9729,7.94,321,other,35-44,Central African Republic
8/5/2020,40779,3305452,64880,8830,4.36,555,male,25-34,Netherlands
2/25/2020,279321,3844723,65741,4019,8.27,2775,female,25-34,Poland
9/23/2020,912707,3190633,54706,6176,5.81,2133,male,18-24,Guyana
3/27/2020,52513,2035528,81480,5723,8.36,807,other,55+,Armenia
3/22/2020,421048,1932011,27014,4212,3.74,3458,male,25-34,Philippines
11/13/2020,883118,6671020,88604,2788,1.27,1825,male,45-54,Jamaica
3/21/2020,185355,8795325,60849,7426,9.46,2115,male,35-44,Thailand
2/26/2020,497135,7075012,26216,8795,8.08,915,male,18-24,China
7/31/2020,379041,6795779,30412,5647,4.47,3163,other,18-24,Vietnam
3/10/2020,235980,442344,63166,6362,5.86,1659,male,45-54,Peru
8/3/2020,512163,2619477,66151,528,4.66,3103,female,45-54,Philippines
7/31/2020,771532,57745,53938,3076,9.54,3118,male,35-44,Colombia
2/13/2020,403548,3672355,23104,782,0.15,3018,male,35-44,Poland
1/8/2020,317215,876946,44326,7843,0.45,1395,male,18-24,Philippines
5/7/2020,363037,3006368,36255,1336,7.98,2731,other,18-24,Russia
10/19/2020,65711,2547349,1375,8428,6.39,2040,male,35-44,China
11/8/2020,488485,2312187,21720,9162,1.13,1061,male,18-24,Indonesia
6/3/2020,430350,2107205,66000,7661,4.2,990,other,18-24,Sweden
11/1/2020,933790,8633223,22193,9337,3.59,757,male,45-54,China
1/31/2020,902522,3209824,21506,4352,6.64,3093,female,55+,Czech Republic
5/21/2020,36883,6216537,80183,189,3.61,2488,other,45-54,Canada
9/17/2020,689924,1602040,84903,5170,5.89,485,male,35-44,Vietnam
7/22/2020,270836,5730385,16165,1569,7.02,2279,female,45-54,Czech Republic
12/21/2020,773953,2955325,68363,120,5.93,1809,female,45-54,Thailand
10/1/2020,991554,7259961,98771,9622,5.86,2438,other,55+,Pakistan
11/5/2020,290269,7099102,89173,2729,9.12,2813,other,45-54,China
1/5/2020,367175,1602161,17809,7435,5.9,3485,other,35-44,China
6/22/2020,242118,9285999,46992,5907,4.89,733,male,45-54,Russia
9/25/2020,194244,1382887,43312,7020,1.12,1214,other,18-24,Zimbabwe
9/10/2020,816855,5721807,57424,9042,6.41,2114,other,55+,Syria
5/14/2020,805740,7909262,23744,3419,1.17,1613,female,45-54,China
6/18/2020,677967,5689414,23446,7191,5.09,1323,other,25-34,Indonesia
6/28/2020,810111,5587857,26909,8988,6.21,3434,other,25-34,Yemen
3/9/2020,970456,6463814,23325,1795,8.7,2912,other,55+,Russia
11/29/2020,341107,2712692,35269,638,8.12,364,female,35-44,Japan
10/4/2020,125044,1009778,66327,2213,6.17,1379,male,45-54,Philippines
9/19/2020,532069,1867045,30577,2246,6.91,1311,female,55+,United States
10/21/2020,755579,3193770,72186,2199,9.69,38,male,25-34,Canada
6/20/2020,210471,8770826,62259,5520,4.69,55,male,25-34,Nigeria
9/26/2020,65609,9193775,59160,2527,4.25,12,female,45-54,Morocco
6/16/2020,289548,951667,27940,6728,9.02,2114,female,45-54,Palestinian Territory
4/25/2020,631252,7312645,75629,3984,3.16,887,female,25-34,Philippines
6/23/2020,948171,241793,66318,5295,3.79,3061,other,45-54,China
11/6/2020,647672,5277667,36796,7409,2.95,854,other,35-44,China
6/1/2020,817937,7656430,22335,4815,0.21,3282,other,35-44,Mongolia
6/25/2020,838435,4516718,63687,5832,5.34,3208,other,45-54,Japan
6/27/2020,254778,7948610,13785,4942,5.53,3241,male,45-54,France
2/8/2020,471895,1484759,13483,6022,3.18,363,female,18-24,Indonesia
2/20/2020,801338,6096445,46193,2477,4.1,909,female,45-54,China
8/25/2020,212779,8172243,44655,9319,4.35,1259,male,55+,Russia
2/21/2020,853143,7782243,3536,1758,3.58,1001,female,25-34,Argentina
8/13/2020,598373,6648822,2507,8143,9.89,1304,other,45-54,Indonesia
10/11/2020,480036,8700752,11358,9778,0.51,2844,female,45-54,Kuwait
2/2/2020,161638,8751166,19655,3710,6.43,371,other,18-24,Russia
2/12/2020,820879,5917510,68656,9373,5.54,3593,female,18-24,Nigeria
1/8/2020,147851,9107560,22145,4735,5.95,1880,female,25-34,China
12/22/2020,205170,1344572,22930,9508,6.48,1734,male,18-24,Colombia
10/20/2020,119140,2767676,93550,4691,6.82,112,other,25-34,Ivory Coast
6/5/2020,103033,6469023,14931,5606,2.22,2492,other,25-34,Iran
5/17/2020,491748,3400363,50115,6492,5.38,3190,other,18-24,Russia
4/15/2020,127775,8953622,94016,6925,9.0,197,male,45-54,Mexico
9/27/2020,490069,9537632,64631,1786,1.42,201,other,25-34,Nigeria
11/22/2020,762907,7777543,13236,4656,3.6,1118,female,55+,Russia
9/30/2020,261110,1619979,54930,6058,9.66,395,other,35-44,Brazil
10/18/2020,835529,8926197,94635,4617,0.57,1418,female,25-34,South Africa
10/15/2020,652640,4908812,69183,2848,0.43,3026,male,55+,Indonesia
10/10/2020,71711,4959849,43274,4131,1.37,1647,other,55+,Indonesia
10/29/2020,481247,4960618,89514,2085,7.75,1781,male,55+,China
6/17/2020,490623,8735774,82441,9644,9.42,3106,male,45-54,Philippines
8/29/2020,378714,6699056,37886,54,0.5,760,other,18-24,Russia
7/9/2020,14135,5004634,75226,2960,2.85,241,male,25-34,China
2/14/2020,866314,1800855,12010,9175,6.49,489,female,45-54,Japan
7/5/2020,792813,1335861,93978,95,2.68,1228,other,35-44,China
10/12/2020,603065,6298800,97554,8943,0.66,1560,female,55+,France
6/3/2020,434149,4924803,43111,3466,5.14,3111,other,18-24,Philippines
4/8/2020,726981,4243255,24388,4863,8.54,912,other,25-34,Paraguay
1/13/2020,787845,3394227,45054,5808,6.76,2064,female,18-24,China
9/29/2020,472140,4835723,59306,5258,9.09,700,male,25-34,Indonesia
2/22/2020,993072,5292901,89869,7917,2.63,1524,female,45-54,Thailand
11/7/2020,252704,6828570,76835,5849,5.78,587,female,35-44,South Africa
2/12/2020,417595,1680961,40110,9782,3.34,2550,other,55+,Poland
4/4/2020,376345,9248319,17530,5995,0.85,202,other,25-34,Russia
10/21/2020,442116,2048645,88029,7665,7.02,492,other,35-44,Vietnam
1/4/2020,238925,8056582,23309,7437,1.69,144,male,55+,Slovenia
12/25/2020,338514,7012349,10036,2294,3.45,3573,male,25-34,Albania
7/4/2020,617245,5975228,3320,3366,8.18,2209,female,45-54,China
4/14/2020,622833,2987328,12843,8729,5.0,1159,female,25-34,Philippines
2/2/2020,276445,6701924,24291,6293,7.25,1485,male,45-54,Bulgaria
9/11/2020,369133,9200559,35009,962,0.4,64,female,55+,France
2/20/2020,955222,1736726,42192,2200,4.57,147,male,18-24,Argentina
1/22/2020,66737,2116672,10504,5153,7.92,496,other,35-44,United States
10/24/2020,832563,7250975,57767,2500,5.18,136,male,55+,Chile
11/24/2020,978141,9797980,91647,536,4.0,1481,male,55+,France
5/30/2020,718908,4147880,32555,9491,1.8,2725,female,35-44,Indonesia
4/26/2020,972149,9426585,88965,15,1.32,3544,other,55+,China
6/2/2020,986454,8762381,91813,3207,9.03,725,female,35-44,China
12/21/2020,630481,6794792,69263,9543,3.45,2482,female,45-54,South Korea
11/7/2020,977204,4902487,81139,2079,2.68,850,male,55+,Indonesia
5/17/2020,219899,6290626,31672,9775,1.99,1994,female,55+,Canada
12/25/2020,828740,4648347,46414,8686,2.3,722,male,45-54,Poland
3/4/2020,991142,1067193,16777,9101,9.12,1077,female,55+,Japan
5/23/2020,404146,8687401,31870,6452,4.92,1076,other,55+,Russia
12/13/2020,30610,198301,37572,337,6.18,2859,male,45-54,Philippines
4/16/2020,445710,6614968,92935,2878,2.7,3053,male,55+,China
5/2/2020,272305,236343,91848,5482,1.07,3085,male,25-34,Equatorial Guinea
10/17/2020,297725,8493536,63320,4442,9.9,142,female,35-44,Colombia
2/5/2020,267100,4645652,10487,3134,9.95,3428,male,18-24,China
1/3/2020,592533,9729484,55461,9943,8.34,3068,male,45-54,China
8/3/2020,531205,8227811,10557,2200,5.18,3371,female,18-24,Peru
4/2/2020,82947,447137,70108,2408,9.11,364,male,55+,Canada
7/27/2020,480693,4252297,57789,5619,4.74,3546,male,18-24,France
8/28/2020,340900,4502775,95522,4306,6.89,372,male,35-44,China
1/12/2020,800567,7273765,98710,8503,9.54,782,male,45-54,Morocco
10/19/2020,616778,3136798,90833,9369,2.44,1378,female,25-34,France
9/26/2020,564912,2527581,63194,2799,8.92,1196,other,45-54,China
2/17/2020,991497,6006022,99762,4747,3.01,1312,female,18-24,China
2/25/2020,199543,5455466,42499,2206,4.73,3548,other,45-54,Poland
7/19/2020,947750,9269604,43536,2763,0.95,2758,female,35-44,China
9/15/2020,677572,45833,79350,9825,2.4,1432,male,25-34,Serbia
5/28/2020,986057,3472710,51487,8434,8.49,2807,other,18-24,Portugal
7/8/2020,987381,7761549,62617,6598,3.59,2387,male,45-54,Sweden
8/9/2020,9896,1954737,82781,9180,9.64,484,female,45-54,Cyprus
8/29/2020,454578,6633485,47830,5994,5.11,2683,male,25-34,China
9/29/2020,575800,2018409,608,3824,4.07,2954,male,18-24,Brazil
11/23/2020,250383,2477049,60795,1464,2.53,2546,male,45-54,Norway
1/2/2020,601137,5831890,74902,8034,2.76,2804,female,25-34,China
5/15/2020,289295,380058,6642,9493,0.3,1201,female,18-24,France
2/13/2020,785151,4698051,60820,6139,9.66,3557,other,25-34,Central African Republic
5/10/2020,559096,1500598,33961,2203,2.56,844,male,25-34,South Africa
4/22/2020,111566,4799867,90952,6683,4.28,3597,male,25-34,Thailand
5/9/2020,799382,3620657,25686,7325,4.93,3221,other,35-44,Portugal
8/9/2020,932472,5962022,11876,6633,4.73,1336,female,18-24,Brazil
1/2/2020,491675,4723868,10217,4085,9.85,2406,other,18-24,Philippines
4/13/2020,728878,9019771,30791,6813,7.86,3487,other,55+,Morocco
1/10/2020,85631,5078508,54802,5432,2.76,2266,male,18-24,American Samoa
4/6/2020,600367,1780400,78211,3475,4.45,2153,female,55+,Guatemala
5/10/2020,237401,420766,89196,405,2.21,2676,male,45-54,Russia
11/29/2020,997711,7510621,27698,5566,9.78,2048,female,25-34,Albania
4/25/2020,248977,2797394,44220,5298,7.61,2598,female,18-24,Germany
1/19/2020,935559,622535,95328,5738,2.43,543,female,35-44,Russia
9/22/2020,444065,9428566,30390,6548,4.08,1467,female,35-44,Poland
1/6/2020,783813,8976115,95985,670,5.25,698,male,18-24,Poland
6/9/2020,625081,7688808,38009,9345,0.77,1066,female,45-54,Brazil
8/9/2020,272740,8065665,2726,4760,6.31,1131,other,18-24,Poland
1/25/2020,242741,4548567,73808,300,8.74,84,male,25-34,Brazil
12/19/2020,245812,4942397,58268,5272,6.3,1391,other,45-54,Greece
10/11/2020,687547,3459766,33407,654,8.21,1111,female,55+,Brazil
4/10/2020,74265,4403119,97297,4648,7.68,1857,female,45-54,Panama
3/12/2020,28473,9902530,71480,8024,4.89,2459,other,55+,United States
2/29/2020,860859,6934267,8134,3425,4.62,1214,male,55+,France
4/9/2020,577213,1113977,28386,1712,3.1,592,female,55+,France
2/21/2020,757844,8669358,58047,8756,2.21,1991,male,35-44,Indonesia
8/31/2020,717499,1982632,22511,4352,2.75,3106,male,55+,China
10/18/2020,638396,6792891,29133,8780,6.02,1397,other,55+,Kazakhstan
7/15/2020,967262,2715724,43941,9610,5.75,2268,other,45-54,Portugal
2/16/2020,704166,9922438,87976,9033,0.14,1511,female,18-24,Democratic Republic of the Congo
10/5/2020,991030,1503785,77046,782,1.49,1932,other,25-34,Poland
12/5/2020,428167,3414756,48484,8761,1.55,2126,male,45-54,Vietnam
3/11/2020,203088,4148488,91939,7520,4.33,1556,other,25-34,Azerbaijan
11/19/2020,696480,1109644,12899,4768,6.91,2971,other,55+,China
8/18/2020,570162,6054157,31999,1959,2.48,2315,female,35-44,Indonesia
10/22/2020,728806,1113933,77,7586,4.87,2563,male,35-44,France
4/20/2020,941887,7129372,93794,5296,5.76,1969,male,18-24,Albania
6/21/2020,60204,7330727,59532,6616,4.69,3281,other,25-34,Philippines
7/9/2020,732061,668367,72341,1759,7.0,2112,male,25-34,China
1/26/2020,127314,9619423,38402,5378,5.91,2036,female,35-44,China
1/24/2020,383797,6390215,23412,8787,9.39,2957,male,35-44,France
3/5/2020,263651,1496532,42116,1945,9.21,826,male,45-54,Philippines
11/3/2020,473234,9394257,39200,993,5.93,3502,male,35-44,China
5/16/2020,177023,1490346,37295,8730,0.3,461,other,55+,Colombia
3/3/2020,58506,4439735,81661,3991,7.86,912,male,55+,Syria
8/2/2020,151327,2863769,37011,7429,2.71,146,other,45-54,Philippines
1/5/2020,510583,4064777,3177,4447,4.29,3483,other,35-44,Colombia
3/2/2020,929647,2582041,48517,1045,4.46,2013,male,35-44,Portugal
8/1/2020,155783,4835769,13695,4925,3.79,2578,male,55+,China
6/3/2020,647614,3837394,79866,2560,6.28,1062,female,35-44,China
8/15/2020,372362,4560245,44789,9139,3.31,1306,other,25-34,Russia
12/3/2020,955022,3347474,84159,4468,8.99,1291,male,45-54,Philippines
7/11/2020,484991,6335237,80146,8215,2.05,2658,female,25-34,Denmark
1/2/2020,294126,8628200,65547,4427,6.37,669,female,55+,Russia
6/1/2020,404321,397428,42536,2238,0.23,3010,female,45-54,Ireland
9/3/2020,415637,4391738,38383,6248,0.42,611,female,18-24,Philippines
8/2/2020,576553,5291311,40500,1804,7.16,1208,female,25-34,Sweden
5/8/2020,863116,315202,77689,1838,2.07,1675,female,18-24,Bulgaria
12/9/2020,335804,4237399,84127,5222,6.85,2890,female,55+,Poland
6/16/2020,683387,8895391,69988,4117,1.84,609,female,35-44,Portugal
1/8/2020,994760,3305393,56419,453,8.67,1705,female,35-44,Poland
11/6/2020,111355,3214706,4459,3734,9.53,1644,male,18-24,Indonesia
8/12/2020,215315,3428181,7653,3382,3.52,532,female,25-34,Mexico
3/5/2020,768354,9293779,7470,9858,8.85,187,other,18-24,Czech Republic
9/15/2020,206170,5561822,56132,3161,1.4,238,female,55+,Philippines
4/23/2020,740625,3599159,66977,831,1.1,2604,female,45-54,Philippines
3/29/2020,132558,8425881,43787,3374,3.42,783,other,55+,United States
4/17/2020,323071,1464552,14835,8173,2.15,1748,male,25-34,Philippines
12/14/2020,281282,5212730,72578,710,8.33,1356,male,55+,Tanzania
2/1/2020,184057,7492292,16060,8879,7.17,209,female,55+,China
9/16/2020,815032,9813790,85998,2611,9.95,342,female,18-24,Sweden
3/29/2020,378214,6782508,85391,4263,1.06,973,other,55+,Vietnam
6/3/2020,134384,1281663,67009,4301,0.23,1465,male,55+,China
4/23/2020,841852,4193649,26478,5345,2.31,2931,other,45-54,China
11/30/2020,803639,8524588,38070,2367,0.37,503,male,45-54,Nigeria
10/8/2020,786877,1571959,8786,2459,1.86,1789,male,45-54,China
4/12/2020,778340,5327643,41942,3545,1.83,2519,female,18-24,Argentina
3/18/2020,279671,1767873,22107,7770,6.62,2046,female,45-54,China
5/24/2020,567128,585262,63243,5508,9.88,1533,male,35-44,Russia
11/19/2020,557992,868877,43463,6148,8.72,238,male,25-34,Belarus
11/2/2020,839903,5555081,7168,1841,2.62,111,female,35-44,China
11/24/2020,540290,6444320,33965,7495,7.55,2835,male,25-34,Tunisia
9/13/2020,991637,1156170,81584,4235,0.59,2108,male,55+,China
5/21/2020,962033,8203726,61908,9212,4.83,1157,male,45-54,China
2/8/2020,593364,4784324,51293,6487,1.29,1566,male,55+,Finland
4/20/2020,484256,4773518,62335,8286,8.54,3585,female,45-54,Zambia
12/1/2020,146003,6925109,74677,981,4.75,1643,other,35-44,Russia
3/10/2020,296913,6102747,64319,7636,4.09,2636,male,55+,Ukraine
11/15/2020,731125,557510,10292,1773,1.93,617,other,18-24,Brazil
11/18/2020,179244,905160,55540,6969,2.54,1626,other,35-44,China
5/11/2020,680204,7740320,77657,4216,2.46,1133,female,35-44,China
11/18/2020,628660,4592210,90347,3453,1.89,2124,other,55+,Namibia
8/7/2020,890658,6498044,93232,6757,3.11,842,female,45-54,Finland
6/14/2020,384161,2706154,15034,8984,2.4,1213,other,18-24,Ukraine
6/11/2020,12689,9186235,97731,547,9.72,635,male,25-34,Colombia
10/27/2020,832334,8517021,34356,2345,9.33,1789,female,45-54,Switzerland
1/15/2020,749207,5062394,87253,663,9.99,1943,other,35-44,Indonesia
7/29/2020,414740,3178596,5422,2004,5.15,2485,female,18-24,Morocco
11/16/2020,306014,7739044,45514,2583,3.03,383,male,45-54,Philippines
6/3/2020,176781,9081818,52242,931,9.39,563,male,25-34,Argentina
5/15/2020,527333,1692048,97997,1802,6.6,294,female,25-34,Syria
8/21/2020,176421,4904978,65693,3375,6.84,134,other,35-44,China
1/5/2020,392481,8422245,70590,3388,6.05,141,other,35-44,Greece
4/15/2020,72395,5328205,57310,395,1.04,466,other,18-24,Brazil
3/7/2020,979979,7898962,73649,9276,5.16,1433,other,45-54,Uganda
7/25/2020,548844,9727942,37051,9068,8.6,265,female,45-54,Ukraine
5/3/2020,511179,121618,57198,5784,9.09,2951,female,35-44,Angola
4/16/2020,760683,3689577,9513,5083,3.8,2208,female,18-24,China
2/13/2020,44137,7616295,39780,8523,2.45,516,male,25-34,Portugal
4/17/2020,317096,6691688,16050,4675,8.94,2321,other,45-54,Thailand
4/16/2020,59128,2521553,90617,6098,7.93,473,other,45-54,Thailand
10/10/2020,858871,7595642,88288,5260,0.5,2866,other,18-24,Guatemala
12/20/2020,358776,9670336,13181,8261,4.8,498,female,18-24,Japan
6/20/2020,898263,6287084,51602,7028,7.55,1055,other,25-34,Russia
4/24/2020,74165,9179319,9457,1434,6.3,151,male,35-44,Somalia
3/14/2020,939082,6129870,69538,7979,6.6,2755,other,45-54,China
5/29/2020,83718,6340699,69219,5414,0.08,2713,male,55+,United States
2/22/2020,501747,9539949,23666,5495,8.17,2648,other,35-44,China
9/4/2020,508179,1922734,27468,6490,8.28,2071,female,25-34,Portugal
9/2/2020,721940,6562270,67285,3795,0.8,3027,female,25-34,China
3/16/2020,861876,5170614,5815,7292,7.78,875,female,55+,Indonesia
2/12/2020,801482,8229467,70837,9627,3.11,2736,other,18-24,Brazil
11/25/2020,26977,7335136,71893,9619,4.51,2927,other,45-54,Finland
4/26/2020,512155,381143,75233,566,4.02,1354,male,25-34,Russia
12/22/2020,50082,7700542,61016,480,1.41,1838,female,35-44,Albania
5/17/2020,223844,5301905,53974,7427,8.49,767,female,55+,Colombia
8/22/2020,440880,1189559,21475,1715,6.36,3260,male,18-24,Philippines
11/27/2020,445510,3150337,3693,2142,1.68,1305,other,18-24,Russia
7/28/2020,85900,6252016,73925,3090,5.74,2808,other,35-44,Greece
11/7/2020,452951,8015776,78672,4074,1.48,1029,female,25-34,Canada
5/19/2020,228243,5226872,29847,8391,6.63,3548,male,35-44,Kazakhstan
3/22/2020,948095,249419,26941,9880,4.08,1352,other,35-44,Philippines
10/17/2020,35135,3801095,86938,1009,0.0,778,female,55+,Botswana
3/7/2020,243268,1529499,28400,7200,3.27,1281,other,55+,China
8/23/2020,903056,7048002,39123,1393,9.16,164,other,55+,Poland
2/15/2020,232838,5179230,74047,7634,2.57,1553,other,18-24,Argentina
8/2/2020,595343,5787048,81418,2404,6.29,1403,other,45-54,Ukraine
7/1/2020,898634,9939666,57863,8678,5.79,1551,female,35-44,Ukraine
1/22/2020,204508,9545764,35816,4026,6.99,469,other,45-54,Philippines
2/18/2020,498371,3964428,63712,7982,1.58,1849,male,35-44,Philippines
4/25/2020,880940,8149412,78481,9432,3.36,930,other,45-54,Philippines
9/13/2020,601582,9560721,28714,9121,0.58,1203,other,55+,Finland
8/31/2020,1418,7050662,90571,7889,7.16,1950,male,35-44,Canada
4/27/2020,595045,608186,42000,8101,6.44,2476,other,45-54,Germany
3/19/2020,560610,6399769,6044,6481,6.17,3137,other,35-44,Peru
9/27/2020,928195,3984877,31848,5028,6.44,77,male,45-54,New Zealand
10/14/2020,10971,416466,71581,2276,4.29,3286,other,45-54,Portugal
10/13/2020,878734,1224907,939,2995,0.04,3186,other,55+,Indonesia
2/22/2020,319065,6534707,5836,1231,1.11,1669,female,45-54,Hungary
6/17/2020,66446,1518925,31893,2179,0.01,1150,female,55+,Rwanda
3/23/2020,81493,8565910,56459,8690,4.93,2142,male,25-34,Egypt
8/24/2020,250795,3256019,57111,2298,0.33,2215,male,25-34,Indonesia
9/20/2020,521984,1941247,93241,2919,3.88,2423,other,18-24,United States
3/24/2020,932402,8800395,20784,6904,2.61,2034,other,55+,Sweden
8/16/2020,897400,2487614,60857,7196,6.63,1305,other,35-44,Jamaica
3/18/2020,133356,6919429,89751,8495,4.75,1640,female,35-44,Mongolia
8/23/2020,899306,296603,51661,4056,8.97,3575,other,35-44,South Africa
6/25/2020,624095,1233742,70240,2231,5.73,880,female,35-44,Honduras
1/30/2020,826701,9316470,28094,5400,1.68,378,female,25-34,China
1/3/2020,75383,2175171,50937,8468,8.66,530,female,18-24,Palestinian Territory
9/24/2020,779909,5391686,80589,7819,0.15,1087,other,25-34,Syria
2/14/2020,928009,9165839,78399,6792,5.87,1634,other,25-34,Russia
7/26/2020,59886,5460413,13936,6875,8.99,3445,male,25-34,Philippines
5/6/2020,470952,1748496,92342,9847,5.27,848,female,35-44,China
6/12/2020,920170,5080771,11051,3419,1.89,681,male,18-24,Poland
10/19/2020,518118,8572207,36202,4958,7.96,3326,male,18-24,Andorra
9/17/2020,498586,1536824,59694,4553,8.75,95,other,18-24,Tajikistan
3/4/2020,539963,7556692,39135,771,2.96,3427,female,25-34,Ivory Coast
10/3/2020,918759,1179629,73703,3862,0.98,113,male,45-54,China
1/1/2020,199001,5353892,75770,8497,8.04,1302,other,35-44,Tajikistan
5/17/2020,877762,4557754,33628,2168,0.69,2087,female,35-44,Haiti
7/29/2020,286210,2188965,63918,173,3.36,944,male,18-24,China
9/27/2020,754322,1700500,5569,359,9.36,907,male,18-24,New Zealand
1/15/2020,973488,1163606,96989,2875,1.29,2219,female,35-44,Portugal
9/20/2020,309855,1139787,38704,6816,5.3,107,female,25-34,Philippines
1/10/2020,608381,2445668,47423,1050,5.83,2033,male,45-54,Vanuatu
6/30/2020,563257,9683825,21002,1803,0.4,1337,male,45-54,Russia
7/12/2020,883660,9937330,78319,1298,0.46,207,male,18-24,China
1/25/2020,906080,5694368,25513,1712,1.32,275,male,55+,Russia
12/9/2020,564161,361863,11013,3977,5.97,1432,male,35-44,Indonesia
12/17/2020,77774,7051406,56920,6517,8.33,2590,female,18-24,Sweden
7/23/2020,996313,5613655,67344,1799,8.95,1220,male,45-54,Indonesia
5/24/2020,695786,8174879,42059,8988,5.54,851,other,18-24,Philippines
6/13/2020,729068,9912107,14052,686,9.99,1681,other,55+,Peru
10/15/2020,911597,7861814,74440,2948,9.89,1136,female,55+,France
1/13/2020,230215,2123932,70081,2698,9.85,2896,male,45-54,South Africa
4/2/2020,736236,4112791,85097,1886,8.87,2794,female,18-24,Russia
10/26/2020,732836,5562699,65849,6400,0.02,2334,female,35-44,Czech Republic
6/3/2020,49018,1679027,86784,98,1.19,1716,male,35-44,China
3/14/2020,388202,7558912,77335,7129,6.96,2713,male,18-24,China
10/17/2020,852435,9364597,18358,3539,7.47,364,female,25-34,Belize
11/29/2020,922776,4509427,51482,3129,4.64,1061,male,45-54,South Korea
11/10/2020,645973,4554503,50079,3327,8.38,1002,other,45-54,China
11/9/2020,451663,396524,52997,8162,6.14,1772,other,45-54,Indonesia
10/31/2020,90894,9157199,66507,4191,0.46,1944,other,55+,Venezuela
4/8/2020,443261,1827446,32695,357,1.67,3483,male,18-24,Sweden
1/28/2020,904446,4410319,37805,1743,1.22,2978,female,18-24,Ukraine
7/21/2020,584524,286108,98968,9439,5.07,3568,other,25-34,Cuba
2/6/2020,261240,4093962,76415,9561,6.43,2537,male,45-54,Sweden
1/9/2020,83120,6431274,37689,42,9.4,3434,other,35-44,Kazakhstan
10/8/2020,813470,1388105,6081,296,0.64,2079,male,55+,Indonesia
9/10/2020,914169,7024941,5842,1810,0.53,3327,male,18-24,Philippines
6/28/2020,835994,5921655,66260,7938,9.5,3029,female,45-54,Brazil
7/29/2020,205497,5563874,1629,162,4.03,2130,female,55+,Paraguay
1/11/2020,753297,5716499,98412,1367,7.02,1976,male,18-24,Poland
3/27/2020,856280,8325560,7461,4183,0.18,1056,female,55+,Indonesia
11/29/2020,221383,181514,86584,5757,8.89,3320,male,45-54,Cuba
11/7/2020,920108,3361315,19071,1678,1.2,3053,female,45-54,United States
2/3/2020,643230,2319558,47512,3120,2.61,1532,other,18-24,China
11/20/2020,659426,7108694,82058,6659,0.17,2274,other,18-24,China
1/22/2020,865557,3708244,83929,7888,3.36,1050,female,35-44,Russia
10/8/2020,914831,2022704,498,2126,9.87,1542,male,18-24,Nigeria
7/21/2020,602472,512396,14988,2248,6.29,1544,other,25-34,Indonesia
8/7/2020,533617,501052,18053,3336,3.53,1711,male,25-34,Russia
1/28/2020,769290,1291376,94447,2236,4.3,1500,female,18-24,Brazil
11/24/2020,127479,4347842,57708,4502,8.98,114,other,18-24,Russia
7/11/2020,921622,6041964,36791,4508,3.18,21,other,55+,Kazakhstan
4/23/2020,862514,6715158,92061,2882,5.02,2024,male,18-24,Poland
11/23/2020,598022,2217268,45281,2572,9.28,2160,other,55+,Iran
11/8/2020,918844,28094,25557,6664,2.74,1547,male,18-24,Costa Rica
2/15/2020,197429,827617,64040,8777,6.2,671,male,45-54,Cuba
12/26/2020,857812,9734855,33486,1410,4.09,3,other,25-34,Brazil
12/12/2020,745633,7544124,66907,8900,7.49,3014,other,25-34,China
8/26/2020,619942,1612690,92413,7712,6.41,1433,female,45-54,Paraguay
5/23/2020,611576,6663959,49460,4573,2.56,1977,female,45-54,Sweden
1/18/2020,871068,2092460,45166,3708,9.89,1831,male,55+,Sweden
2/17/2020,180064,8103264,60148,5290,0.91,2139,other,35-44,Russia
10/23/2020,609790,5214497,33817,5508,5.12,443,male,25-34,Indonesia
10/16/2020,767660,191351,98621,3433,3.12,2188,male,35-44,Colombia
10/6/2020,289421,8139574,9348,4708,4.93,1570,other,35-44,Uganda
12/21/2020,752266,8394021,5385,965,6.98,2350,other,18-24,Indonesia
4/16/2020,456158,4034764,30731,6145,3.15,1454,female,45-54,China
9/29/2020,99889,5898977,75783,6885,2.32,553,male,35-44,China
11/5/2020,283388,4817492,95502,8860,1.32,1745,other,35-44,Greece
2/26/2020,952839,413298,13709,9535,1.94,183,female,35-44,Canada
4/2/2020,170207,87615,45191,7418,1.11,2867,other,45-54,Ivory Coast
12/21/2020,520066,3714484,11207,2614,3.75,2363,female,25-34,Portugal
3/28/2020,135298,500601,97916,4438,1.75,857,other,45-54,Finland
2/25/2020,808501,7452175,1278,7733,9.8,2268,female,45-54,China
10/29/2020,579538,6737007,71473,6348,4.79,1751,male,55+,Argentina
10/18/2020,46608,5135792,29696,9153,9.0,374,other,55+,China
3/8/2020,690895,9673541,2057,8535,5.72,1499,other,55+,Russia
8/23/2020,987534,4507889,88276,4580,6.18,1307,other,55+,China
1/22/2020,419685,9417898,88086,4559,8.69,60,male,35-44,South Africa
5/26/2020,418590,3392479,39537,3881,0.68,1436,male,35-44,China
9/13/2020,355212,375594,4371,1480,1.17,1061,male,55+,China
7/30/2020,146718,7046206,2233,8159,9.17,2725,female,25-34,France
8/24/2020,599307,8032307,10038,4976,4.34,3061,female,45-54,Russia
7/30/2020,179189,9115917,87035,1631,4.3,2729,male,55+,Syria
11/23/2020,77425,7024532,20696,426,4.44,2380,other,35-44,Russia
4/1/2020,130714,2368399,12601,9129,3.2,1429,female,45-54,Indonesia
12/14/2020,392628,3636143,71327,4606,8.47,1506,female,18-24,Liberia
1/19/2020,704871,9688726,56073,9852,6.52,1876,female,18-24,United States
9/13/2020,328929,3707871,84830,4417,3.98,718,female,18-24,Mauritius
7/15/2020,131912,4118305,89725,4353,7.2,1833,male,25-34,Russia
8/17/2020,527303,5848138,29621,2210,2.0,3276,other,18-24,Slovenia
5/11/2020,475657,5730199,97577,2971,4.37,2629,female,35-44,Armenia
1/23/2020,256412,6737336,66045,8782,4.72,45,male,55+,China
9/11/2020,648687,6286871,43492,3307,1.82,2665,female,35-44,France
7/1/2020,944948,3141539,9079,1554,3.45,2026,male,25-34,Iran
9/15/2020,794818,7475899,35654,5219,1.25,1370,female,25-34,Saint Kitts and Nevis
12/16/2020,522762,5848666,83363,9044,2.26,3421,female,55+,China
11/5/2020,708475,5878676,11266,2985,9.84,1396,other,25-34,Finland
7/29/2020,573167,2375971,63420,1097,0.05,2947,other,25-34,China
6/24/2020,873794,1793658,22075,8417,5.68,752,other,55+,Sweden
4/3/2020,159561,7854572,49695,8837,3.35,1383,male,25-34,United States
1/26/2020,612790,5190170,78675,546,5.39,2809,female,35-44,Liechtenstein
5/18/2020,253254,5078178,72587,1585,2.96,1767,male,55+,Indonesia
5/12/2020,675723,5329271,98688,3759,2.23,3474,male,18-24,Russia
8/15/2020,850538,702026,57846,191,5.36,1570,male,35-44,Tanzania
6/4/2020,681736,7535337,31932,1044,6.27,2593,other,25-34,Brazil
2/11/2020,55352,8598213,55484,2269,3.04,2545,female,25-34,Palestinian Territory
2/3/2020,825278,7416888,76416,5605,8.47,2863,male,25-34,China
3/15/2020,674247,8157463,19309,4921,3.82,1825,other,25-34,Belarus
12/9/2020,978217,2568614,31944,7532,7.27,1942,male,55+,China
12/17/2020,226193,2260852,91487,1820,8.03,2534,male,55+,Philippines
7/10/2020,135432,3119894,78681,1933,9.66,2672,male,55+,Mozambique
7/2/2020,229319,3961271,91049,4967,6.64,2533,male,55+,China
12/10/2020,760940,9713659,15171,4959,3.43,3270,other,18-24,Peru
3/3/2020,263732,1586830,17086,8054,1.91,795,female,35-44,Brazil
5/24/2020,819621,6607042,66525,758,6.17,3335,other,45-54,China
8/31/2020,534698,7665955,59073,2327,1.46,742,other,45-54,China
6/30/2020,483940,286166,10426,7554,9.59,88,male,18-24,Thailand
12/3/2020,948457,1894392,6266,5282,6.04,2756,other,55+,Norway
4/24/2020,108352,550449,95451,8805,6.2,1678,male,18-24,South Korea
11/1/2020,609448,385256,70466,3268,3.9,2845,other,25-34,Indonesia
6/4/2020,445768,6296396,60716,1086,5.91,2127,male,35-44,China
6/27/2020,976794,2769822,21280,2564,4.43,2429,female,35-44,Indonesia
9/4/2020,547916,7622509,37439,2423,4.35,1356,other,35-44,China
11/23/2020,604860,9827278,10597,3894,8.03,946,other,25-34,China
10/7/2020,37985,8078687,87075,5747,1.78,90,female,55+,Poland
9/7/2020,807201,1434252,18565,5696,0.52,1318,other,45-54,Indonesia
2/17/2020,820534,2056173,17481,2184,5.85,12,female,55+,Russia
11/26/2020,574659,8730247,45758,8837,1.63,1318,other,18-24,Afghanistan
7/4/2020,88753,403987,53155,8509,2.41,686,female,18-24,China
8/4/2020,933979,1358526,99022,2337,3.63,89,male,25-34,Portugal
7/22/2020,96960,7938827,26207,9650,5.73,2356,female,55+,Peru
9/28/2020,453381,484346,52272,9857,2.09,3305,other,45-54,Thailand
8/24/2020,559556,6203487,15229,6994,8.4,2278,other,55+,Iran
7/11/2020,221897,2692964,13628,3,0.27,3440,other,18-24,Indonesia
6/18/2020,885559,3165651,11010,7601,4.31,3406,female,35-44,Egypt
9/6/2020,516612,7389220,70121,5409,3.1,2308,other,18-24,Ukraine
10/17/2020,680711,8237575,96384,5138,9.5,631,female,45-54,China
10/5/2020,287717,2202459,31463,5428,7.58,2598,female,45-54,Greece
6/15/2020,35272,566720,52010,4745,1.13,3511,female,25-34,Madagascar
2/26/2020,327587,4649345,84008,9659,7.58,1666,male,18-24,Norway
5/25/2020,789824,3897137,77255,4031,6.24,405,female,25-34,Philippines
